<publishData>
  <publishTarget publishUrl="C:\inetpub\wwwroot\UTProject\">
    <file relUrl="css/Images/logo_buana.jpg" publishTime="09/18/2018 00:46:01" />
    <file relUrl="css/Images/upleft.gif" publishTime="09/18/2018 00:46:06" />
    <file relUrl="css/jquery.ui.autocomplete.css" publishTime="09/18/2018 00:46:15" />
    <file relUrl="css/Images/BrownKiri.gif" publishTime="09/18/2018 00:45:55" />
    <file relUrl="css/Images/Qblue.png" publishTime="09/18/2018 00:46:03" />
    <file relUrl="welcome.aspx" publishTime="09/18/2018 00:46:47" />
    <file relUrl="css/Images/sd.png" publishTime="09/18/2018 00:46:05" />
    <file relUrl="css/Images/note-edit.png" publishTime="09/18/2018 00:46:02" />
    <file relUrl="JScript/popupForm_sub.js" publishTime="09/18/2018 00:46:36" />
    <file relUrl="css/jquery.ui.theme.css" publishTime="09/18/2018 00:46:16" />
    <file relUrl="css/AccAcq.css" publishTime="12/31/2019 14:45:53" />
    <file relUrl="css/Images/ToscaKanan.gif" publishTime="09/18/2018 00:46:05" />
    <file relUrl="JScript/jquery-1.5.1.js" publishTime="09/18/2018 00:46:34" />
    <file relUrl="images/ButtonTambahFile.gif" publishTime="09/18/2018 00:46:32" />
    <file relUrl="css/jquery-ui.css" publishTime="09/18/2018 00:46:15" />
    <file relUrl="css/jquery.ui.all.css" publishTime="09/18/2018 00:46:15" />
    <file relUrl="css/Images/ButtonReset.gif" publishTime="09/18/2018 00:45:58" />
    <file relUrl="JScript/jquery.ui.mouse.js" publishTime="09/18/2018 00:46:35" />
    <file relUrl="css/Images/HijauKanan.gif" publishTime="09/18/2018 00:45:59" />
    <file relUrl="css/Images/Hijau2Kiri.gif" publishTime="09/18/2018 00:45:58" />
    <file relUrl="WarningPage.aspx" publishTime="12/18/2019 09:27:32" />
    <file relUrl="css/Images/CoklatKanan.gif" publishTime="09/18/2018 00:45:58" />
    <file relUrl="images/iconEdit.png" publishTime="09/18/2018 00:46:32" />
    <file relUrl="css/Images/MerahKiri.gif" publishTime="09/18/2018 00:46:01" />
    <file relUrl="css/customcalendar/calender.png" publishTime="09/17/2018 23:55:49" />
    <file relUrl="css/Images/UnguKanan.gif" publishTime="09/18/2018 00:46:06" />
    <file relUrl="css/Images/AbuKanan.gif" publishTime="09/18/2018 00:45:52" />
    <file relUrl="Form/approval_BNF.aspx" publishTime="03/06/2020 14:12:57" />
    <file relUrl="upload.aspx" publishTime="12/18/2019 09:28:49" />
    <file relUrl="css/Images/plus.gif" publishTime="09/18/2018 00:46:02" />
    <file relUrl="css/Images/UnguKiri.gif" publishTime="09/18/2018 00:46:06" />
    <file relUrl="changePas.aspx" publishTime="12/18/2019 10:04:44" />
    <file relUrl="css/Images/bg.jpg" publishTime="09/18/2018 00:45:53" />
    <file relUrl="css/Images/upright.gif" publishTime="09/18/2018 00:46:07" />
    <file relUrl="css/Images/note-add.png" publishTime="09/18/2018 00:46:02" />
    <file relUrl="popup1.aspx" publishTime="01/14/2020 14:06:29" />
    <file relUrl="css/Images/BiruKiri.gif" publishTime="09/18/2018 00:45:54" />
    <file relUrl="css/jquery.css" publishTime="09/18/2018 00:46:15" />
    <file relUrl="JScript/jquery.iviewer.js" publishTime="09/18/2018 00:46:34" />
    <file relUrl="css/Images/zoomOut.png" publishTime="09/18/2018 00:46:07" />
    <file relUrl="css/jquery.ui.base.css" publishTime="09/18/2018 00:46:15" />
    <file relUrl="css/Images/zoomIn.png" publishTime="09/18/2018 00:46:07" />
    <file relUrl="css/Images/Ungu2Kiri.gif" publishTime="09/18/2018 00:46:06" />
    <file relUrl="Form/action_UT.aspx" publishTime="12/18/2019 17:55:55" />
    <file relUrl="Extra_OpenFiles.aspx" publishTime="12/18/2019 09:42:10" />
    <file relUrl="css/jquery.ui.core.css" publishTime="09/18/2018 00:46:16" />
    <file relUrl="css/Images/iviewer.zoom_zero.gif" publishTime="09/18/2018 00:46:00" />
    <file relUrl="JScript/jquery.effects.clip.js" publishTime="09/18/2018 00:46:34" />
    <file relUrl="css/form.css" publishTime="09/18/2018 00:45:52" />
    <file relUrl="css/Images/butkanan1.gif" publishTime="09/18/2018 00:45:57" />
    <file relUrl="css/jquery.iviewer.css" publishTime="09/18/2018 00:46:15" />
    <file relUrl="JScript/popupForm.js" publishTime="09/18/2018 00:46:36" />
    <file relUrl="JScript/general.js" publishTime="09/18/2018 00:46:33" />
    <file relUrl="Form/InvoiceAttachment_UploadFiles.aspx" publishTime="12/18/2019 12:10:13" />
    <file relUrl="JScript/jquery.tablesorter.js" publishTime="09/18/2018 00:46:34" />
    <file relUrl="Default.aspx" publishTime="12/18/2019 09:54:30" />
    <file relUrl="Form/suspendMOUCustomer.aspx" publishTime="12/18/2019 10:39:36" />
    <file relUrl="css/Images/botomright.gif" publishTime="09/18/2018 00:45:55" />
    <file relUrl="Form/action_UT_invoice_view.aspx" publishTime="12/18/2019 13:13:31" />
    <file relUrl="bin/WebsiteApp.xml" publishTime="03/09/2020 12:17:52" />
    <file relUrl="css/Images/OrangeKiri.gif" publishTime="09/18/2018 00:46:02" />
    <file relUrl="Form/list_cust_UT_Invoice.aspx" publishTime="12/18/2019 11:46:36" />
    <file relUrl="css/Images/AbuKiri.gif" publishTime="09/18/2018 00:45:52" />
    <file relUrl="JScript/open_url.js" publishTime="09/18/2018 00:46:36" />
    <file relUrl="css/Images/OrangeKanan.gif" publishTime="09/18/2018 00:46:02" />
    <file relUrl="css/Images/butkiri.gif" publishTime="09/18/2018 00:45:57" />
    <file relUrl="css/Images/Qorange.png" publishTime="09/18/2018 00:46:04" />
    <file relUrl="images/back.png" publishTime="09/18/2018 00:46:32" />
    <file relUrl="css/Images/HijauKiri.gif" publishTime="09/18/2018 00:45:59" />
    <file relUrl="css/Images/sa1.png" publishTime="09/18/2018 00:46:04" />
    <file relUrl="css/Images/sd1.png" publishTime="09/18/2018 00:46:05" />
    <file relUrl="Form/req_UT.aspx" publishTime="12/18/2019 10:47:01" />
    <file relUrl="css/Images/Qblack.png" publishTime="09/18/2018 00:46:03" />
    <file relUrl="Form/UT_customerlistrequest.aspx" publishTime="03/05/2020 17:01:06" />
    <file relUrl="JScript/jquery.ui.widget.js" publishTime="09/18/2018 00:46:36" />
    <file relUrl="Extra_OpenFilesBNF.aspx" publishTime="12/18/2019 09:41:27" />
    <file relUrl="css/customcalendar/calendar.css" publishTime="09/17/2018 23:55:49" />
    <file relUrl="openPage.aspx" publishTime="12/18/2019 09:40:09" />
    <file relUrl="JScript/jquery.ui.dialog.js" publishTime="09/18/2018 00:46:35" />
    <file relUrl="css/Images/iviewer.zoom_fit.gif" publishTime="09/18/2018 00:46:00" />
    <file relUrl="css/Images/Qred.png" publishTime="09/18/2018 00:46:04" />
    <file relUrl="css/customcalendar/calendar.js" publishTime="09/17/2018 23:55:49" />
    <file relUrl="Form/RejectCancel.aspx" publishTime="12/18/2019 10:50:04" />
    <file relUrl="JScript/popupFormInv_sub.js" publishTime="03/28/2019 13:46:53" />
    <file relUrl="Form/list_cust_UT.aspx" publishTime="12/18/2019 11:55:16" />
    <file relUrl="JScript/Blocking.js" publishTime="09/18/2018 00:46:33" />
    <file relUrl="css/Images/BrownKanan.gif" publishTime="09/18/2018 00:45:55" />
    <file relUrl="JScript/jquery.ui.draggable.js" publishTime="09/18/2018 00:46:35" />
    <file relUrl="css/Images/KuningKiri.gif" publishTime="09/18/2018 00:46:00" />
    <file relUrl="JScript/jquery.ui.core.js" publishTime="09/18/2018 00:46:35" />
    <file relUrl="css/Images/butkanan.gif" publishTime="09/18/2018 00:45:56" />
    <file relUrl="css/Images/ButtonSearch.gif" publishTime="09/18/2018 00:45:58" />
    <file relUrl="css/Images/Qgreen.png" publishTime="09/18/2018 00:46:03" />
    <file relUrl="css/Images/warning.jpg" publishTime="09/18/2018 00:46:07" />
    <file relUrl="css/Images/Hijau2Kanan.gif" publishTime="09/18/2018 00:45:58" />
    <file relUrl="css/Images/sa.png" publishTime="09/18/2018 00:46:04" />
    <file relUrl="css/Images/Ungu2Kanan.gif" publishTime="09/18/2018 00:46:05" />
    <file relUrl="css/Images/MerahKanan.gif" publishTime="09/18/2018 00:46:01" />
    <file relUrl="bin/WebsiteApp.XmlSerializers.dll" publishTime="09/18/2018 00:45:47" />
    <file relUrl="css/Images/botomleft.gif" publishTime="09/18/2018 00:45:55" />
    <file relUrl="Form/UT_customerlistdetail.aspx" publishTime="12/18/2019 10:29:39" />
    <file relUrl="images/iconOpenAttachement.png" publishTime="09/18/2018 00:46:32" />
    <file relUrl="Form/action_UT_invoice.aspx" publishTime="12/18/2019 17:42:53" />
    <file relUrl="css/Images/iviewer.rotate_left.png" publishTime="09/18/2018 00:45:59" />
    <file relUrl="JScript/jquery.effects.core.js" publishTime="09/18/2018 00:46:34" />
    <file relUrl="css/Images/iviewer.rotate_right.png" publishTime="09/18/2018 00:45:59" />
    <file relUrl="css/jquery.ui.button.css" publishTime="09/18/2018 00:46:15" />
    <file relUrl="JScript/jquery.ui.position.js" publishTime="09/18/2018 00:46:35" />
    <file relUrl="css/Images/Kuningkanan.gif" publishTime="09/18/2018 00:46:00" />
    <file relUrl="Form/action_UT_invoice_edit.aspx" publishTime="12/18/2019 17:25:01" />
    <file relUrl="Web.config" publishTime="12/27/2019 11:34:50" />
    <file relUrl="css/Images/logoblue.jpg" publishTime="09/18/2018 00:46:01" />
    <file relUrl="css/Images/Iblack.png" publishTime="09/18/2018 00:45:59" />
    <file relUrl="Form/postBackPage.asmx" publishTime="09/18/2018 00:46:27" />
    <file relUrl="JScript/jquery.mousewheel.min.js" publishTime="09/18/2018 00:46:34" />
    <file relUrl="css/jquery.ui.dialog.css" publishTime="09/18/2018 00:46:16" />
    <file relUrl="css/Images/butkiri1.gif" publishTime="09/18/2018 00:45:57" />
    <file relUrl="css/customcalendar/Close2.png" publishTime="09/17/2018 23:55:49" />
    <file relUrl="css/Images/ToscaKiri.gif" publishTime="09/18/2018 00:46:05" />
    <file relUrl="JScript/jqueryui.js" publishTime="09/18/2018 00:46:36" />
    <file relUrl="images/pembatasbawah.gif" publishTime="09/18/2018 00:46:33" />
    <file relUrl="css/Images/ButtonEdit.gif" publishTime="09/18/2018 00:45:57" />
    <file relUrl="css/Images/CoklatKiri.gif" publishTime="09/18/2018 00:45:58" />
    <file relUrl="Form/InvoiceAttachment_MOUUploadFiles.aspx" publishTime="03/29/2019 12:46:39" />
    <file relUrl="css/Images/loadingP.gif" publishTime="09/18/2018 00:46:00" />
    <file relUrl="bin/WebsiteApp.pdb" publishTime="03/09/2020 12:17:52" />
    <file relUrl="popup2.aspx" publishTime="01/14/2020 15:14:15" />
    <file relUrl="Form/list_req_UT.aspx" publishTime="12/18/2019 11:25:12" />
    <file relUrl="bin/WebsiteApp.dll" publishTime="03/09/2020 12:17:52" />
    <file relUrl="JScript/jquery.ui.resizable.js" publishTime="09/18/2018 00:46:35" />
    <file relUrl="css/Images/butgo.gif" publishTime="09/18/2018 00:45:56" />
    <file relUrl="css/Images/ButtonDone.gif" publishTime="09/18/2018 00:45:57" />
    <file relUrl="css/Images/BiruKanan.gif" publishTime="09/18/2018 00:45:54" />
    <file relUrl="JScript/jquery.json-1.3.min.js" publishTime="09/18/2018 00:46:34" />
    <file relUrl="Form/list_Approval_BNF.aspx" publishTime="12/18/2019 12:00:25" />
  </publishTarget>
  <publishTarget publishUrl="C:\inetpub\wwwroot\tesWeb\">
    <file relUrl="css/Images/BrownKiri.gif" publishTime="05/03/2005 11:51:38" />
    <file relUrl="css/Images/Qblue.png" publishTime="09/18/2012 13:29:02" />
    <file relUrl="welcome.aspx" publishTime="11/08/2016 23:51:00" />
    <file relUrl="css/Images/sd.png" publishTime="02/23/2012 13:53:03" />
    <file relUrl="css/Images/note-edit.png" publishTime="09/26/2016 14:38:44" />
    <file relUrl="css/jquery.ui.theme.css" publishTime="09/19/2012 09:20:57" />
    <file relUrl="css/AccAcq.css" publishTime="01/05/2017 10:36:50" />
    <file relUrl="css/Images/ToscaKanan.gif" publishTime="05/03/2005 11:51:40" />
    <file relUrl="JScript/jquery-1.5.1.js" publishTime="03/18/2011 08:12:50" />
    <file relUrl="css/jquery-ui.css" publishTime="09/19/2016 10:07:57" />
    <file relUrl="css/Images/Kuningkanan.gif" publishTime="05/03/2005 11:51:40" />
    <file relUrl="css/Images/ButtonReset.gif" publishTime="01/08/2003 11:21:38" />
    <file relUrl="JScript/jquery.ui.mouse.js" publishTime="08/15/2012 10:42:38" />
    <file relUrl="css/Images/HijauKanan.gif" publishTime="05/03/2005 11:51:40" />
    <file relUrl="css/Images/Hijau2Kiri.gif" publishTime="05/03/2005 11:51:40" />
    <file relUrl="JScript/Blocking.js" publishTime="02/23/2012 10:38:28" />
    <file relUrl="css/Images/plus.gif" publishTime="01/11/2008 02:31:12" />
    <file relUrl="css/Images/MerahKiri.gif" publishTime="05/03/2005 11:51:40" />
    <file relUrl="css/Images/butkanan.gif" publishTime="01/09/2003 18:32:24" />
    <file relUrl="css/Images/UnguKanan.gif" publishTime="05/03/2005 11:51:40" />
    <file relUrl="css/Images/AbuKanan.gif" publishTime="05/03/2005 11:51:38" />
    <file relUrl="Form/approval_BNF.aspx" publishTime="01/16/2017 11:22:07" />
    <file relUrl="JScript/jquery.effects.core.js" publishTime="04/23/2011 06:21:46" />
    <file relUrl="changePas.aspx" publishTime="11/29/2016 09:53:23" />
    <file relUrl="css/Images/Ungu2Kanan.gif" publishTime="05/03/2005 11:51:40" />
    <file relUrl="css/Images/note-add.png" publishTime="09/26/2016 14:38:27" />
    <file relUrl="css/jquery.ui.all.css" publishTime="09/19/2012 11:14:43" />
    <file relUrl="css/Images/BiruKiri.gif" publishTime="05/03/2005 11:51:38" />
    <file relUrl="css/jquery.css" publishTime="09/19/2016 10:47:10" />
    <file relUrl="css/Images/sa1.png" publishTime="02/23/2012 13:37:18" />
    <file relUrl="css/Images/CoklatKanan.gif" publishTime="05/03/2005 11:51:38" />
    <file relUrl="css/jquery.ui.base.css" publishTime="09/19/2012 10:03:02" />
    <file relUrl="css/Images/Ungu2Kiri.gif" publishTime="05/03/2005 11:51:40" />
    <file relUrl="JScript/popupForm.js" publishTime="01/06/2017 08:43:43" />
    <file relUrl="css/jquery.ui.core.css" publishTime="09/19/2012 10:04:22" />
    <file relUrl="css/form.css" publishTime="11/30/2016 13:13:01" />
    <file relUrl="css/Images/butkanan1.gif" publishTime="04/28/2006 20:44:06" />
    <file relUrl="JScript/general.js" publishTime="11/22/2016 09:51:50" />
    <file relUrl="JScript/jquery.tablesorter.js" publishTime="10/15/2010 11:18:20" />
    <file relUrl="Form/suspendMOUCustomer.aspx" publishTime="01/12/2017 09:33:01" />
    <file relUrl="bin/WebsiteApp.xml" publishTime="01/16/2017 14:22:03" />
    <file relUrl="css/Images/OrangeKiri.gif" publishTime="05/03/2005 11:51:40" />
    <file relUrl="css/Images/AbuKiri.gif" publishTime="05/03/2005 11:51:38" />
    <file relUrl="css/Images/UnguKiri.gif" publishTime="05/03/2005 11:51:40" />
    <file relUrl="css/Images/OrangeKanan.gif" publishTime="05/03/2005 11:51:40" />
    <file relUrl="css/Images/butkiri.gif" publishTime="01/09/2003 18:33:22" />
    <file relUrl="css/Images/Qgreen.png" publishTime="09/18/2012 13:29:40" />
    <file relUrl="css/Images/Qorange.png" publishTime="09/18/2012 13:29:20" />
    <file relUrl="css/Images/HijauKiri.gif" publishTime="05/03/2005 11:51:40" />
    <file relUrl="css/Images/butgo.gif" publishTime="04/28/2006 20:44:06" />
    <file relUrl="css/Images/sd1.png" publishTime="02/23/2012 13:36:04" />
    <file relUrl="Form/req_UT.aspx" publishTime="01/10/2017 15:46:19" />
    <file relUrl="css/Images/Qblack.png" publishTime="12/04/2012 11:58:43" />
    <file relUrl="JScript/jquery.ui.widget.js" publishTime="04/23/2011 06:21:46" />
    <file relUrl="openPage.aspx" publishTime="01/03/2017 15:59:56" />
    <file relUrl="JScript/jquery.ui.dialog.js" publishTime="04/26/2016 15:06:33" />
    <file relUrl="css/jquery.ui.button.css" publishTime="08/15/2012 10:42:34" />
    <file relUrl="css/Images/Qred.png" publishTime="09/18/2012 12:09:26" />
    <file relUrl="css/Images/warning.jpg" publishTime="05/27/2010 15:22:53" />
    <file relUrl="Default.aspx" publishTime="01/16/2017 13:41:30" />
    <file relUrl="Form/postBackPage.asmx" publishTime="10/06/2016 14:08:22" />
    <file relUrl="css/Images/loadingP.gif" publishTime="10/12/2010 12:15:04" />
    <file relUrl="JScript/jquery.ui.draggable.js" publishTime="08/15/2012 10:42:38" />
    <file relUrl="css/Images/KuningKiri.gif" publishTime="05/03/2005 11:51:40" />
    <file relUrl="JScript/jquery.ui.core.js" publishTime="08/15/2012 10:42:38" />
    <file relUrl="css/Images/ButtonSearch.gif" publishTime="01/08/2003 11:25:10" />
    <file relUrl="css/Images/BrownKanan.gif" publishTime="05/03/2005 11:51:38" />
    <file relUrl="bin/WebsiteApp.XmlSerializers.dll" publishTime="01/16/2017 14:22:04" />
    <file relUrl="css/Images/Hijau2Kanan.gif" publishTime="05/03/2005 11:51:38" />
    <file relUrl="css/Images/sa.png" publishTime="02/23/2012 13:52:15" />
    <file relUrl="css/Images/ButtonDone.gif" publishTime="08/26/2015 10:14:01" />
    <file relUrl="css/Images/MerahKanan.gif" publishTime="05/03/2005 11:51:40" />
    <file relUrl="JScript/jquery.effects.clip.js" publishTime="02/20/2012 19:59:58" />
    <file relUrl="JScript/jquery.ui.position.js" publishTime="08/15/2012 10:42:38" />
    <file relUrl="Web.config" publishTime="01/11/2017 11:24:35" />
    <file relUrl="css/Images/Iblack.png" publishTime="12/04/2012 11:57:41" />
    <file relUrl="css/jquery.ui.dialog.css" publishTime="05/19/2016 10:47:30" />
    <file relUrl="css/Images/butkiri1.gif" publishTime="04/28/2006 20:44:06" />
    <file relUrl="JScript/jquery.json-1.3.min.js" publishTime="06/30/2009 17:51:32" />
    <file relUrl="css/Images/ToscaKiri.gif" publishTime="05/03/2005 11:51:40" />
    <file relUrl="css/Images/ButtonEdit.gif" publishTime="08/25/2015 15:33:02" />
    <file relUrl="css/Images/CoklatKiri.gif" publishTime="05/03/2005 11:51:38" />
    <file relUrl="bin/WebsiteApp.pdb" publishTime="01/16/2017 14:22:03" />
    <file relUrl="Form/RejectCancel.aspx" publishTime="01/09/2017 10:43:59" />
    <file relUrl="Form/list_req_UT.aspx" publishTime="01/04/2017 16:39:43" />
    <file relUrl="bin/WebsiteApp.dll" publishTime="01/16/2017 14:22:03" />
    <file relUrl="JScript/jquery.ui.resizable.js" publishTime="04/23/2011 06:21:46" />
    <file relUrl="css/jquery.ui.autocomplete.css" publishTime="09/19/2012 09:19:08" />
    <file relUrl="css/Images/BiruKanan.gif" publishTime="05/03/2005 11:51:38" />
    <file relUrl="WarningPage.aspx" publishTime="10/20/2016 11:55:34" />
    <file relUrl="Form/list_Approval_BNF.aspx" publishTime="01/16/2017 12:05:51" />
  </publishTarget>
  <publishTarget publishUrl="http://10.10.1.45/UTspartpart/">
    <file relUrl="css/Images/UnguKiri.gif" publishTime="05/03/2005 11:51:40" />
    <file relUrl="css/Images/MerahKanan.gif" publishTime="05/03/2005 11:51:40" />
    <file relUrl="css/jquery-ui.css" publishTime="09/19/2016 10:07:57" />
    <file relUrl="css/Images/CoklatKanan.gif" publishTime="05/03/2005 11:51:38" />
    <file relUrl="css/Images/warning.jpg" publishTime="05/27/2010 15:22:53" />
    <file relUrl="css/Images/sa.png" publishTime="02/23/2012 13:52:15" />
    <file relUrl="Form/postBackPage.asmx" publishTime="10/06/2016 14:08:22" />
    <file relUrl="css/Images/loadingP.gif" publishTime="10/12/2010 12:15:04" />
    <file relUrl="css/Images/AbuKiri.gif" publishTime="05/03/2005 11:51:38" />
    <file relUrl="JScript/Blocking.js" publishTime="02/23/2012 10:38:28" />
    <file relUrl="JScript/jquery-1.5.1.js" publishTime="03/18/2011 08:12:50" />
    <file relUrl="css/Images/BrownKiri.gif" publishTime="05/03/2005 11:51:38" />
    <file relUrl="css/Images/OrangeKiri.gif" publishTime="05/03/2005 11:51:40" />
    <file relUrl="Form/req_UT.aspx" publishTime="10/06/2016 17:30:41" />
    <file relUrl="css/Images/ButtonDone.gif" publishTime="08/26/2015 10:14:01" />
    <file relUrl="css/Images/UnguKanan.gif" publishTime="05/03/2005 11:51:40" />
    <file relUrl="JScript/jquery.tablesorter.js" publishTime="10/15/2010 11:18:20" />
    <file relUrl="css/Images/Ungu2Kanan.gif" publishTime="05/03/2005 11:51:40" />
    <file relUrl="bin/WebsiteApp.xml" publishTime="10/06/2016 17:53:05" />
    <file relUrl="css/Images/HijauKiri.gif" publishTime="05/03/2005 11:51:40" />
    <file relUrl="css/Images/plus.gif" publishTime="01/11/2008 02:31:12" />
    <file relUrl="css/Images/Ungu2Kiri.gif" publishTime="05/03/2005 11:51:40" />
    <file relUrl="JScript/jquery.effects.clip.js" publishTime="02/20/2012 19:59:58" />
    <file relUrl="css/Images/sd1.png" publishTime="02/23/2012 13:36:04" />
    <file relUrl="css/Images/butkanan1.gif" publishTime="04/28/2006 20:44:06" />
    <file relUrl="css/Images/sa1.png" publishTime="02/23/2012 13:37:18" />
    <file relUrl="css/Images/butkanan.gif" publishTime="01/09/2003 18:32:24" />
    <file relUrl="JScript/jquery.ui.draggable.js" publishTime="06/06/2011 16:04:08" />
    <file relUrl="bin/WebsiteApp.dll" publishTime="10/06/2016 17:53:04" />
    <file relUrl="css/Images/ButtonEdit.gif" publishTime="08/25/2015 15:33:02" />
    <file relUrl="Web.config" publishTime="10/06/2016 15:20:47" />
    <file relUrl="JScript/jquery.ui.mouse.js" publishTime="04/23/2011 06:21:46" />
    <file relUrl="css/Images/BiruKanan.gif" publishTime="05/03/2005 11:51:38" />
    <file relUrl="bin/WebsiteApp.pdb" publishTime="10/06/2016 17:53:05" />
    <file relUrl="openPage.aspx" publishTime="10/06/2016 17:41:46" />
    <file relUrl="css/Images/Kuningkanan.gif" publishTime="05/03/2005 11:51:40" />
    <file relUrl="css/Images/BiruKiri.gif" publishTime="05/03/2005 11:51:38" />
    <file relUrl="css/AccAcq.css" publishTime="10/06/2016 17:30:33" />
    <file relUrl="JScript/jquery.ui.resizable.js" publishTime="04/23/2011 06:21:46" />
    <file relUrl="css/Images/ButtonReset.gif" publishTime="01/08/2003 11:21:38" />
    <file relUrl="css/Images/CoklatKiri.gif" publishTime="05/03/2005 11:51:38" />
    <file relUrl="css/Images/KuningKiri.gif" publishTime="05/03/2005 11:51:40" />
    <file relUrl="JScript/jquery.json-1.3.min.js" publishTime="06/30/2009 17:51:32" />
    <file relUrl="JScript/jquery.effects.core.js" publishTime="04/23/2011 06:21:46" />
    <file relUrl="css/Images/Hijau2Kanan.gif" publishTime="05/03/2005 11:51:38" />
    <file relUrl="css/Images/ToscaKiri.gif" publishTime="05/03/2005 11:51:40" />
    <file relUrl="css/Images/ButtonSearch.gif" publishTime="01/08/2003 11:25:10" />
    <file relUrl="css/Images/butgo.gif" publishTime="04/28/2006 20:44:06" />
    <file relUrl="css/Images/BrownKanan.gif" publishTime="05/03/2005 11:51:38" />
    <file relUrl="css/Images/note-edit.png" publishTime="09/26/2016 14:38:44" />
    <file relUrl="JScript/jquery.ui.widget.js" publishTime="04/23/2011 06:21:46" />
    <file relUrl="css/Images/Hijau2Kiri.gif" publishTime="05/03/2005 11:51:40" />
    <file relUrl="css/Images/note-add.png" publishTime="09/26/2016 14:38:27" />
    <file relUrl="css/Images/butkiri.gif" publishTime="01/09/2003 18:33:22" />
    <file relUrl="css/Images/OrangeKanan.gif" publishTime="05/03/2005 11:51:40" />
    <file relUrl="css/Images/butkiri1.gif" publishTime="04/28/2006 20:44:06" />
    <file relUrl="css/jquery.css" publishTime="09/19/2016 10:47:10" />
    <file relUrl="css/Images/AbuKanan.gif" publishTime="05/03/2005 11:51:38" />
    <file relUrl="css/Images/sd.png" publishTime="02/23/2012 13:53:03" />
    <file relUrl="css/Images/HijauKanan.gif" publishTime="05/03/2005 11:51:40" />
    <file relUrl="css/Images/MerahKiri.gif" publishTime="05/03/2005 11:51:40" />
    <file relUrl="Default.aspx" publishTime="10/06/2016 17:25:11" />
    <file relUrl="css/Images/ToscaKanan.gif" publishTime="05/03/2005 11:51:40" />
  </publishTarget>
</publishData>